Model,RMSFE,Directional_Accuracy
AR,6.564576750854291,0.41509433962264153
ADL,1.8209963822037902,0.5849056603773585
RF,4.962839070010008,0.6226415094339622
Ensemble,4.087977864692452,0.6415094339622641
