Model,RMSFE,Directional_Accuracy
AR,4.583235095572373,0.48484848484848486
ADL,1.7793889515838357,0.6363636363636364
RF,3.515538932669327,0.6136363636363636
Ensemble,2.940572719516606,0.6363636363636364
