Model,RMSFE,Directional_Accuracy
AR,4.566601560874693,0.48120300751879697
ADL,1.7734752394518265,0.6390977443609023
RF,3.42525706275342,0.5789473684210527
Ensemble,2.895881105663749,0.6390977443609023
