Model,RMSFE,Directional_Accuracy
AR,4.583235095572373,0.48484848484848486
ADL,1.7793296916461077,0.6363636363636364
RF,3.5053879937262407,0.6136363636363636
Ensemble,2.93852938566169,0.6363636363636364
